,A,C,D,E,F,G,H,I,K,L,M,N,P,Q,R,S,T,U,V,Y,X,Z
0,0.153292594389,NaN,NaN,-0.937049924171,-0.135357380625,0.0237231634259,0,1.07330998424,NaN,NaN,NaN,0.375384914864,NaN,-0.147930289762,0.174979962136,NaN,0.58691243421,NaN,1.02022967094,0.577918018148,NaN,NaN,
1,NaN,NaN,NaN,NaN,-1.83969914113,NaN,NaN,-1.64214448434,NaN,-1.75422773749,NaN,NaN,0,NaN,-0.583321373876,-1.91300221702,NaN,NaN,NaN,-2.12599853985,NaN,NaN,
2,0.0777700714577,NaN,NaN,NaN,-0.225309005602,NaN,NaN,0.136660849143,NaN,0.297517299793,NaN,-0.416728444203,NaN,0.0690868679348,1.47284937722,-0.0360774724983,0.139858231047,NaN,0,-0.240807635082,NaN,NaN,
3,NaN,NaN,NaN,NaN,-0.50551596986,NaN,NaN,0,NaN,NaN,-2.37167723791,NaN,NaN,NaN,NaN,NaN,NaN,NaN,-1.0073727272,-2.51223169456,NaN,NaN,
4,NaN,NaN,NaN,NaN,-0.65568594005,NaN,NaN,-0.479177564414,-0.171859822079,-0.141290812934,NaN,NaN,NaN,-0.89270349116,0.182021152454,-1.51511503644,-0.360522097628,NaN,0,-0.192547819656,NaN,NaN,
5,NaN,NaN,-2.57075449503,-2.6081852993,NaN,NaN,-2.17489345584,0,-1.70829510848,-0.579565233855,NaN,NaN,NaN,-2.63393464104,-1.95058039808,-2.57709680148,NaN,NaN,-0.0389364124495,NaN,NaN,NaN,
6,NaN,NaN,-1.76224137295,-1.19129459968,-1.83969914113,NaN,-0.557456534545,NaN,-0.941178178756,NaN,NaN,NaN,NaN,-1.08189575384,-0.545062116938,-0.727250348468,0,NaN,NaN,NaN,NaN,NaN,
7,0.542955397453,NaN,-0.536795761315,0.29472181816,NaN,0,0.191139000107,NaN,0.666854596955,NaN,-0.409937111863,-0.457951765945,NaN,-0.567499089143,NaN,0.0782206712602,0.0383401006438,NaN,NaN,NaN,NaN,NaN,
8,0.17087045158,NaN,-1.02810522806,-0.770474809589,-0.820973389935,NaN,NaN,-0.58494152307,NaN,-0.677337108799,NaN,NaN,0,NaN,-0.399056072633,-0.507604185441,-0.790995888391,NaN,-0.0687461739352,-0.618316058758,NaN,NaN,
9,0.527627720007,NaN,0.465972838861,NaN,-0.145113182326,0.795942405179,0,0.542995029867,NaN,NaN,NaN,NaN,0.514597241021,0.795160060399,NaN,0.0896799650463,0.522676816378,NaN,0.47697165464,-0.185825244335,2.07871756018,2.56418880677,
