,A,C,D,E,F,G,H,I,K,L,M,N,P,Q,R,S,T,Y,V,W
0,0.003351374,0,0.000410697,0.000470642,0.460272648,9.46E-05,0.016322505,0.002873432,0.001770444,0.000129067,0.014904591,0.000244518,4.52E-13,0.000423605,0.001621141,0.001655392,0.028256654,0.119577215,9.22E-07,0.347620592
1,0.11711581,0,0.000326076,1.91E-05,0,0.001686072,3.29E-166,2.63E-192,7.22E-44,1.46E-289,9.31E-33,6.69E-06,0.868237248,1.65E-18,8.24E-65,0.012227899,0.000381148,1.45E-103,0,0
2,0.032385972,0,0.037696535,0.05634188,0.062239596,0.010565057,0.003018194,0.113706295,0.062539492,0.126353398,0.039798571,0.050113024,1.20E-115,0.104782685,0.050251646,0.027516049,0.031703218,0.084198412,0.031111816,0.075678159
3,5.54E-05,0,1.50E-05,0.000129991,4.59E-115,8.00E-07,6.03E-19,0.957564908,1.98E-05,0.000452201,0.000963804,4.35E-06,1.39E-13,9.75E-06,1.68E-06,2.45E-05,0.00106637,0.039691437,1.95E-76,5.10E-194
4,0.008476706,0,0.011038403,0.023143226,0.211202916,0.000133548,0.002653186,0.10573067,0.080991971,0.116341663,0.037973235,0.014725231,1.29E-140,0.04827634,0.038773475,0.014449702,0.02093138,0.063744672,0.030190733,0.171222943
5,0.000692933,0,0.001508424,0.003171084,6.32E-17,2.00E-05,1.27E-06,0.474617074,0.002352904,0.000118429,0.005074823,0.000433334,1.32E-18,0.000667751,0.006527923,0.002358282,0.015116421,0.48733932,3.62E-11,1.67E-18
6,0.018041413,0,0.056234984,0.216967366,9.55E-05,0.005822813,0.00048493,7.10E-06,0.061638709,0.037107109,0.027555491,0.020888682,1.32E-103,0.121192576,0.08209649,0.154864802,0.196346009,0.000407767,3.65E-05,0.000211754
7,4.66E-56,0,1.59E-217,0,0,1,0,0,0,0,2.77351556530188e-317,1.90E-296,4.29E-300,0,0,7.43E-123,1.59E-180,0,0,0
8,0.019279546,0,0.157646669,0.615242868,0,0.000366239,1.11E-49,0.005526357,0.005490188,0.000386035,0.016450692,0.000784434,0.022294097,0.021876156,0.000463225,0.042378058,0.090377243,0.001438193,0,5.32E-168
9,0.012299187,0,0.074042575,0.167802447,0.000827148,6.19E-05,0.201769386,0.022005159,0.005560404,0.006353623,0.019212229,0.001568279,0,0.040037718,0.008122289,0.00139581,0.00037097,0.044559716,0.393987405,2.37E-05